Order,Topic,Pages
1,Building Confidence,2
2,Cultivating a Growth Mindset,3
3,Overcoming Limiting Beliefs,3
4,Developing Emotional Intelligence,2
5,Fostering Gratitude & Positive Thinking,3
6,Building Resilience,2
7,SMART Goal Setting Techniques,3
8,Time Management Strategies,2
9,Overcoming Procrastination,2
10,Building Habits for Success,2
11,Effective Communication Skills,2
12,Building Strong Relationships,2
13,Setting Healthy Boundaries,3
14,Conflict Resolution Strategies,2
15,Career Development Planning,2
16,Building a Strong Personal Brand,2
17,Financial Literacy & Budgeting,2
18,Negotiation Skills for Career Advancement,3
19,Building a Healthy Lifestyle,2
20,Stress Management Techniques,3
21,Importance of Sleep & Rest,2
22,Mindfulness & Meditation Practices,2
23,Developing Creative Thinking Skills,4
24,Problem-Solving Strategies,2
25,Learning New Skills & Embracing Lifelong Learning,2
26,Identifying Your Values & Passions,2
27,Living a Life with Purpose & Meaning,2
28,Building a Growth Mindset,2
29,Developing Leadership Skills,2
30,Teamwork & Collaboration Strategies,2
31,Motivating Yourself and Others,2
32,Developing a Service Mindset,4
33,Building a Positive Impact on Your Community,2
34,Living a Sustainable Lifestyle,2
35,Nutrition for Optimal Performance,6
36,Building a Global Brand,2
37,Active Listening Skills,4
38,Future Leadership,6
39,Technology Development,4